<?xml version="1.0" encoding="UTF-8" ?>
<!DOCTYPE mapper PUBLIC "-//mybatis.org//DTD Mapper 3.0//EN" "http://mybatis.org/dtd/mybatis-3-mapper.dtd">
<mapper namespace="com.bitzh.whb.dormitory.mapper.AbsenceMapper">

	<resultMap type="com.bitzh.whb.dormitory.entity.Absence" id="Absence">
		<id column="id" property="id"/>
		<result column="building_id"  property="buildingId"/>
		<result column="storey_id"  property="storeyId"/>
		<result column="dormitory_id"  property="dormitoryId"/>
		<result column="student_id"  property="studentId"/>
		<result column="late_time"  property="lateTime"/>
		<result column="remark"  property="remark"/>
	</resultMap>

	<insert id="create" keyProperty="id" useGeneratedKeys="true" parameterType="com.bitzh.whb.dormitory.entity.Absence">
		insert into dt_absence(
			building_id,
			storey_id,
			dormitory_id,
			student_id,
			late_time,
			remark
		)values(
			#{buildingId},
			#{storeyId},
			#{dormitoryId},
			#{studentId},
			#{lateTime},
			#{remark}
		)
	</insert>

	<select id="query" resultMap="Absence">
		select * from dt_absence
		<include refid="AbsenceFindCriteria"/>
	</select>

	<select id="count" resultType="int">
		select count(1) from dt_absence
		<include refid="AbsenceFindCriteria"/>
	</select>

	<select id="detail" resultMap="Absence">
		select * from dt_absence where id = #{id}
	</select>

	<delete id="delete">
		delete from dt_absence where id = #{id}
	</delete>
	<update id="update">
		update dt_absence set
			building_id=#{buildingId},
			storey_id=#{storeyId},
			dormitory_id=#{dormitoryId},
			student_id=#{studentId},
			late_time=#{lateTime},
			remark=#{remark}
		where id = #{id}
	</update>

	<update id="updateSelective">
		update dt_absence
		<set>
			<if test="buildingId != null">building_id = #{buildingId},</if>
			<if test="storeyId != null">storey_id = #{storeyId},</if>
			<if test="dormitoryId != null">dormitory_id = #{dormitoryId},</if>
			<if test="studentId != null">student_id = #{studentId},</if>
			<if test="lateTime != null"> late_time = #{lateTime},</if>
			<if test="remark != null and remark != ''"> remark = #{remark}</if>
		</set>
		where id = #{id}
	</update>

	<sql id="AbsenceFindCriteria">
		<where>
			<if test="id != null">and id = #{id}</if>
			<if test="buildingId != null">and building_id = #{buildingId}</if>
			<if test="storeyId != null">and storey_id = #{storeyId}</if>
			<if test="dormitoryId != null">and dormitory_id = #{dormitoryId}</if>
			<if test="studentId != null">and student_id = #{studentId}</if>
			<if test="lateTime != null">and late_time = #{lateTime}</if>
			<if test="remark != null and remark != ''">and remark = #{remark}</if>
		</where> order by coalesce (late_time) desc
	</sql>

</mapper>