<?xml version="1.0" encoding="UTF-8" ?>
<!DOCTYPE mapper PUBLIC "-//mybatis.org//DTD Mapper 3.0//EN" "http://mybatis.org/dtd/mybatis-3-mapper.dtd">
<mapper namespace="com.bitzh.whb.dormitory.mapper.ClassMapper">

	<resultMap type="com.bitzh.whb.dormitory.entity.Class" id="Class">
		<id column="id" property="id"/>
		<result column="grade_id"  property="gradeId"/>
		<result column="college_id"  property="collegeId"/>
		<result column="professionalclass"  property="professionalclass"/>
	</resultMap>

	<insert id="create" keyProperty="id" useGeneratedKeys="true" parameterType="com.bitzh.whb.dormitory.entity.Class">
		insert into dt_class(
			grade_id,
			college_id,
			professionalclass
		)values(
			#{gradeId},
			#{collegeId},
			#{professionalclass}
		)
	</insert>

	<select id="query" resultMap="Class">
		select * from dt_class
		<include refid="ClassFindCriteria"/>
	</select>

	<select id="count" resultType="int">
		select count(1) from dt_class
		<include refid="ClassFindCriteria"/>
	</select>

	<select id="detail" resultMap="Class">
		select * from dt_class where id = #{id}
	</select>

	<delete id="delete">
		delete from dt_class where id = #{id}
	</delete>
	<update id="update">
		update dt_class set
			grade_id=#{gradeId},
			college_id=#{collegeId},
			professionalclass=#{professionalclass}
		where id = #{id}
	</update>

	<update id="updateSelective">
		update dt_class set
			<if test="gradeId != null">grade_id = #{gradeId}</if>,
			<if test="collegeId != null"> college_id = #{collegeId}</if>,
			<if test="professionalclass != null and professionalclass != ''"> professionalclass = #{professionalclass}</if>
		where id = #{id}
	</update>

	<sql id="ClassFindCriteria">
		<where>
			<if test="id != null">and id = #{id}</if>
			<if test="gradeId != null"> and grade_id = #{gradeId}</if>
			<if test="collegeId != null"> and college_id = #{collegeId}</if>
			<if test="professionalclass != null and professionalclass != ''"> and professionalclass like concat('%',#{professionalclass},'%')</if>
		</where>
	</sql>

	<select id="queryClassByPrimaryId" resultMap="Class">
		select dt_class.* from dt_class,dt_primaryclass where dt_primaryclass.class_id = dt_class.id and dt_primaryclass.primary_id = #{primaryId}
	</select>
</mapper>