<?xml version="1.0" encoding="UTF-8" ?>
<!DOCTYPE mapper PUBLIC "-//mybatis.org//DTD Mapper 3.0//EN" "http://mybatis.org/dtd/mybatis-3-mapper.dtd">
<mapper namespace="com.bitzh.whb.dormitory.mapper.CollegeMapper">

	<resultMap type="com.bitzh.whb.dormitory.entity.College" id="College">
		<id column="id" property="id"/>
		<result column="college"  property="college"/>
	</resultMap>

	<insert id="create" keyProperty="id" useGeneratedKeys="true" parameterType="com.bitzh.whb.dormitory.entity.College">
		insert into dt_college(
			college
		)values(
			#{college}
		)
	</insert>

	<select id="query" resultMap="College">
		select * from dt_college
		<include refid="CollegeFindCriteria"/>
	</select>

	<select id="count" resultType="int">
		select count(1) from dt_college
		<include refid="CollegeFindCriteria"/>
	</select>

	<select id="detail" resultMap="College">
		select * from dt_college where id = #{id}
	</select>

	<delete id="delete">
		delete from dt_college where id = #{id}
	</delete>

	<update id="update">
		update dt_college set
			college=#{college}
		where id = #{id}
	</update>

	<update id="updateSelective">
		update dt_college set
			<if test="college != null and college != ''"> college = #{college}</if>
		where id = #{id}
	</update>

	<sql id="CollegeFindCriteria">
		<where>
			<if test="id != null">and id = #{id}</if>
			<if test="college != null and college != ''">and college like concat('%',#{college},'%')</if>
		</where>
	</sql>

</mapper>