<?xml version="1.0" encoding="UTF-8" ?>
<!DOCTYPE mapper PUBLIC "-//mybatis.org//DTD Mapper 3.0//EN" "http://mybatis.org/dtd/mybatis-3-mapper.dtd">
<mapper namespace="com.bitzh.whb.dormitory.mapper.DormitoryMapper">

	<resultMap type="com.bitzh.whb.dormitory.entity.Dormitory" id="Dormitory">
		<id column="id" property="id"/>
		<result column="building_id"  property="buildingId"/>
		<result column="storey_id"  property="storeyId"/>
		<result column="no"  property="no"/>
		<result column="sex"  property="sex"/>
		<result column="capacity"  property="capacity"/>
		<result column="balance"  property="balance"/>
	</resultMap>

	<insert id="create" keyProperty="id" useGeneratedKeys="true" parameterType="com.bitzh.whb.dormitory.entity.Dormitory">
		insert into dt_dormitory(
			building_id,
			storey_id,
			no,
			sex,
			capacity,
		    balance
		)values(
			#{buildingId},
			#{storeyId},
            #{no},
			#{sex},
			#{capacity},
			0
		)
	</insert>

	<select id="query" resultMap="Dormitory">
		select * from dt_dormitory
		<include refid="DormitoryFindCriteria"/>
	</select>

	<select id="count" resultType="int">
		select count(1) from dt_dormitory
		<include refid="DormitoryFindCriteria"/>
	</select>

	<select id="detail" resultMap="Dormitory">
		select * from dt_dormitory where id = #{id}
	</select>

	<delete id="delete">
		delete from dt_dormitory where id = #{id}
	</delete>

	<delete id="deleteByBuildingIdAndStoryId">
		delete from dt_dormitory where building_id = #{buildingId} and storey_id =  #{storeyId}
	</delete>


	<update id="update">
		update dt_dormitory set
			building_id=#{buildingId},
			storey_id=#{storeyId},
			no=#{no},
			sex=#{sex},
			capacity=#{capacity},
		    balance=#{balance}
		where id = #{id}
	</update>

	<update id="updateSelective">
		update dt_dormitory set
			<if test="buildingId != null">building_id = #{buildingId}</if>,
			<if test="storeyId != null">storey_id = #{storeyId}</if>,
			<if test="no != null and no != ''"> no = #{no}</if>,
			<if test="sex != null">sex = #{sex}</if>,
			<if test="capacity != null">capacity = #{capacity}</if>,
			<if test="balance != null"> balance = #{balance}</if>
		where id = #{id}
	</update>

	<sql id="DormitoryFindCriteria">
		<where>
			<if test="id != null">and id = #{id}</if>
			<if test="buildingId != null">and building_id = #{buildingId}</if>
			<if test="storeyId != null">and storey_id = #{storeyId}</if>
			<if test="no != null and no != ''">and no = #{no}</if>
			<if test="sex != null">and sex = #{sex}</if>
			<if test="capacity != null">and capacity = #{capacity}</if>
			<if test="balance != null">and balance = #{balance}</if>
		</where>
	</sql>

	<select id="queryDormitoryBalance" resultType="Double">
		select balance from dt_dormitory where id = #{dormitoryId}
	</select>

	<update id="changeBalance">
		update dt_dormitory set balance = #{newBalance} where id = #{dormitoryId}
	</update>
</mapper>