<?xml version="1.0" encoding="UTF-8" ?>
<!DOCTYPE mapper PUBLIC "-//mybatis.org//DTD Mapper 3.0//EN" "http://mybatis.org/dtd/mybatis-3-mapper.dtd">
<mapper namespace="com.bitzh.whb.dormitory.mapper.DormitoryStudentMapper">

	<resultMap type="com.bitzh.whb.dormitory.entity.DormitoryStudent" id="DormitoryStudent">
		<id column="id" property="id"/>
		<result column="dormitory_id"  property="dormitoryId"/>
		<result column="bed_id"  property="bedId"/>
		<result column="student_id"  property="studentId"/>
		<result column="select_time"  property="selectTime"/>
		<result column="status"  property="status"/>
	</resultMap>

	<insert id="create" keyProperty="id" useGeneratedKeys="true" parameterType="com.bitzh.whb.dormitory.entity.DormitoryStudent">
		insert into dt_dormitory_student(
			dormitory_id,
			bed_id,
			student_id,
			select_time,
			status
		)values(
			#{dormitoryId},
			#{bedId},
			#{studentId},
			#{selectTime},
			#{status}
		)
	</insert>

	<select id="query" resultMap="DormitoryStudent">
		select * from dt_dormitory_student
		<include refid="DormitoryStudentFindCriteria"/>
	</select>

	<select id="count" resultType="int">
		select count(1) from dt_dormitory_student
		<include refid="DormitoryStudentFindCriteria"/>
	</select>

	<select id="detail" resultMap="DormitoryStudent">
		select * from dt_dormitory_student where id = #{id}
	</select>

	<delete id="delete">
		delete from dt_dormitory_student where id = #{id}
	</delete>

	<delete id="deleteByCond">
		delete from dt_dormitory_student where student_id = #{studentId}
	</delete>


	<update id="update">
		update dt_dormitory_student set
			dormitory_id=#{dormitoryId},
			bed_id=#{bedId},
			student_id=#{studentId},
			select_time=#{selectTime},
			status=#{status}
		where id = #{id}
	</update>

	<update id="updateSelective">
		update dt_dormitory_student set
			<if test="dormitoryId != null">dormitory_id = #{dormitoryId}</if>,
			<if test="bedId != null">bed_id = #{bedId}</if>,
			<if test="studentId != null">student_id = #{studentId}</if>,
			<if test="select_time != null and select_time != ''"> select_time = #{selectTime}</if>,
			<if test="status != null">status = #{status}</if>
		where id = #{id}
	</update>

	<sql id="DormitoryStudentFindCriteria">
		<where>
			<if test="id != null">and id = #{id}</if>
			<if test="dormitoryId != null">and dormitory_id = #{dormitoryId}</if>
			<if test="bedId != null">and bed_id = #{bedId}</if>
			<if test="studentId != null">and student_id = #{studentId}</if>
			<if test="status != null">and status = #{status}</if>
		</where>
	</sql>
	<!--查询楼宇入住数量-->
	<select id="countByBuildingId" resultType="int">
		select count(distinct student_id) cnt from dt_dormitory_student,dt_dormitory where dt_dormitory_student.dormitory_id = dt_dormitory.id
		and dt_dormitory.building_id = #{buildingId}
	</select>

	<!--查询床位对应的学生-->
	<select id="queryStudentByBedId" resultType="java.util.HashMap">
		select student_id,dt_student.name from dt_dormitory_student,dt_student where
		dt_dormitory_student.student_id = dt_student.id and dt_dormitory_student.bed_id = #{bedId} limit 1
	</select>


</mapper>