<?xml version="1.0" encoding="UTF-8" ?>
<!DOCTYPE mapper PUBLIC "-//mybatis.org//DTD Mapper 3.0//EN" "http://mybatis.org/dtd/mybatis-3-mapper.dtd">
<mapper namespace="com.bitzh.whb.dormitory.mapper.GradeMapper">

	<resultMap type="com.bitzh.whb.dormitory.entity.Grade" id="Grade">
		<id column="id" property="id"/>
		<result column="grade"  property="grade"/>
	</resultMap>

	<insert id="create" keyProperty="id" useGeneratedKeys="true" parameterType="com.bitzh.whb.dormitory.entity.Grade">
		insert into dt_grade(
			grade
		)values(
			#{grade}
		)
	</insert>

	<select id="query" resultMap="Grade">
		select * from dt_grade
		<include refid="GradeFindCriteria"/>
	</select>

	<select id="count" resultType="int">
		select count(1) from dt_grade
		<include refid="GradeFindCriteria"/>
	</select>

	<select id="detail" resultMap="Grade">
		select * from dt_grade where id = #{id}
	</select>

	<delete id="delete">
		delete from dt_grade where id = #{id}
	</delete>
	<update id="update">
		update dt_grade set
			grade=#{grade}
		where id = #{id}
	</update>

	<update id="updateSelective">
		update dt_grade set
			<if test="grade != null and grade != ''"> grade = #{grade}</if>
		where id = #{id}
	</update>

	<sql id="GradeFindCriteria">
		<where>
			<if test="id != null">and id = #{id}</if>
			<if test="grade != null and grade != ''">and grade like concat('%',#{grade},'%')</if>
		</where>
	</sql>

</mapper>