<?xml version="1.0" encoding="UTF-8" ?>
<!DOCTYPE mapper PUBLIC "-//mybatis.org//DTD Mapper 3.0//EN" "http://mybatis.org/dtd/mybatis-3-mapper.dtd">
<mapper namespace="com.bitzh.whb.dormitory.mapper.MenuMapper">


	<resultMap id="Menu" type="com.bitzh.whb.dormitory.entity.Menu">
		<id column="id" property="id"/>
		<result column="title"  property="title"/>
		<result column="icon"  property="icon"/>
		<result column="href"  property="href"/>
		<result column="parent_id"  property="parentId"/>
		<result column="type"  property="type"/>
	</resultMap>

	<select id="query" resultMap="Menu" parameterType="Integer">
		select dt_menu.* from dt_menu,dt_user where dt_menu.type = dt_user.type and dt_user.id = #{userId}
	</select>

	<select id="queryByType" resultMap="Menu">
		select dt_menu.* from dt_menu where dt_menu.type = 1
	</select>

	<select id="queryCheckMenuId" resultType="int">
		select dt_menu_id from user_dt_menu where user_id = #{userId}
	</select>

	<select id="list" resultMap="Menu">
		select dt_menu.* from dt_menu where type = 0
	</select>

</mapper>