<?xml version="1.0" encoding="UTF-8" ?>
<!DOCTYPE mapper PUBLIC "-//mybatis.org//DTD Mapper 3.0//EN" "http://mybatis.org/dtd/mybatis-3-mapper.dtd">
<mapper namespace="com.bitzh.whb.dormitory.mapper.NoticeMapper">

	<resultMap type="com.bitzh.whb.dormitory.entity.Notice" id="Notice">
		<id column="id" property="id"/>
		<result column="title"  property="title"/>
		<result column="content"  property="content"/>
		<result column="create_time"  property="createTime"/>
		<result column="user_id"  property="userId"/>
	</resultMap>

	<insert id="create" keyProperty="id" useGeneratedKeys="true" parameterType="com.bitzh.whb.dormitory.entity.Notice">
		insert into dt_notice(
			title,
			content,
			create_time,
			user_id
		)values(
			#{title},
			#{content},
			now(),
			#{userId}
		)
	</insert>

	<select id="query" resultMap="Notice">
		select * from dt_notice
		<include refid="NoticeFindCriteria"/>
	</select>

	<select id="count" resultType="int">
		select count(1) from dt_notice
		<include refid="NoticeFindCriteria"/>
	</select>

	<select id="detail" resultMap="Notice">
		select * from dt_notice where id = #{id}
	</select>

	<delete id="delete">
		delete from dt_notice where id = #{id}
	</delete>
	<update id="update">
		update dt_notice set
			title=#{title},
			content=#{content},
			create_time=#{createTime},
			user_id=#{userId},
		where id = #{id}
	</update>

	<update id="updateSelective">
		update dt_notice
		<set>
			<if test="title != null and title != ''"> title = #{title},</if>
			<if test="content != null and content != ''"> content = #{content},</if>
			<if test="createTime != null"> create_time = #{createTime},</if>
			<if test="userId != null">user_id = #{userId},</if>
		</set>
		where id = #{id}
	</update>

	<sql id="NoticeFindCriteria">
		<where>
			<if test="id != null">and id = #{id}</if>
			<if test="title != null and title != ''">and title like concat('%',#{title},'%')</if>
			<if test="content != null and content != ''">and content = #{content}</if>
			<if test="createTime != null">and create_time = #{createTime}</if>
			<if test="userId != null">and user_id = #{userId}</if>
		</where>  order by coalesce (create_time) desc
	</sql>


</mapper>