<?xml version="1.0" encoding="UTF-8" ?>
<!DOCTYPE mapper PUBLIC "-//mybatis.org//DTD Mapper 3.0//EN" "http://mybatis.org/dtd/mybatis-3-mapper.dtd">
<mapper namespace="com.bitzh.whb.dormitory.mapper.PrimaryDormitoryMapper">

	<resultMap type="com.bitzh.whb.dormitory.entity.PrimaryDormitory" id="PrimaryDormitory">
		<id column="id" property="id"/>
		<result column="building_id"  property="buildingId"/>
		<result column="dormitory_id"  property="dormitoryId"/>
		<result column="class_id"  property="classId"/>
	</resultMap>

	<insert id="create" keyProperty="id" useGeneratedKeys="true" parameterType="com.bitzh.whb.dormitory.entity.PrimaryDormitory">
		insert into dt_primarydormitory(
			building_id,
			dormitory_id,
			class_id
		)values(
			#{buildingId},
			#{dormitoryId},
			#{classId}
		)
	</insert>

	<select id="query" resultMap="PrimaryDormitory">
		select * from dt_primarydormitory
		<include refid="PrimaryDormitoryFindCriteria"/>
	</select>

	<select id="count" resultType="int">
		select count(1) from dt_primarydormitory
		<include refid="PrimaryDormitoryFindCriteria"/>
	</select>

	<select id="detail" resultMap="PrimaryDormitory">
		select * from dt_primarydormitory where id = #{id}
	</select>

	<delete id="delete">
		delete from dt_primarydormitory where id = #{id}
	</delete>
	<update id="update">
		update dt_primarydormitory set
			building_id=#{buildingId},
			dormitory_id=#{dormitoryId},
			class_id=#{classId}
		where id = #{id}
	</update>

	<update id="updateSelective">
		update dt_primarydormitory set
			<if test="buildingId != null">building_id = #{buildingId}</if>,
			<if test="dormitoryId != null">dormitory_id = #{dormitoryId}</if>,
			<if test="classId != null">class_id = #{classId}</if>
		where id = #{id}
	</update>

	<sql id="PrimaryDormitoryFindCriteria">
		<where>
			<if test="id != null">and id = #{id}</if>
			<if test="buildingId != null">and building_id = #{buildingId}</if>
			<if test="dormitoryId != null">and dormitory_id = #{dormitoryId}</if>
			<if test="classId != null">and class_id = #{classId}</if>
		</where>
	</sql>

	<delete id="deleteByClassId">
		delete from dt_primarydormitory where class_id = #{classId} and building_id = #{buildingId}
	</delete>

</mapper>