<?xml version="1.0" encoding="UTF-8" ?>
<!DOCTYPE mapper PUBLIC "-//mybatis.org//DTD Mapper 3.0//EN" "http://mybatis.org/dtd/mybatis-3-mapper.dtd">
<mapper namespace="com.bitzh.whb.dormitory.mapper.PrimaryMapper">

	<resultMap type="com.bitzh.whb.dormitory.entity.Primary" id="Primary">
		<id column="id" property="id"/>
		<result column="name"  property="name"/>
		<result column="start_time"  property="startTime"/>
		<result column="end_time"  property="endTime"/>
		<result column="grade_id"  property="gradeId"/>
		<result column="college_id"  property="collegeId"/>
		<result column="remark"  property="remark"/>
	</resultMap>

	<insert id="create" keyProperty="id" useGeneratedKeys="true" parameterType="com.bitzh.whb.dormitory.entity.Primary">
		insert into dt_primary(
			name,
			start_time,
			end_time,
			grade_id,
			college_id,
			remark
		)values(
			#{name},
			#{startTime},
			#{endTime},
			#{gradeId},
			#{collegeId},
			#{remark}
		)
	</insert>

	<select id="query" resultMap="Primary">
		select * from dt_primary
		<include refid="PrimaryFindCriteria"/>
	</select>

	<select id="count" resultType="int">
		select count(1) from dt_primary
		<include refid="PrimaryFindCriteria"/>
	</select>

	<select id="detail" resultMap="Primary">
		select * from dt_primary where id = #{id}
	</select>

	<delete id="delete">
		delete from dt_primary where id = #{id}
	</delete>

	<update id="update">
		update dt_primary set
			name=#{name},
			start_time=#{startTime},
			end_time=#{endTime},
			grade_id=#{gradeId},
			college_id=#{collegeId},
			remark=#{remark}
		where id = #{id}
	</update>

	<update id="updateSelective">
		update dt_primary set
			<if test="name != null and name != ''"> name = #{name}</if>,
			<if test="startTime != null and startTime != ''"> start_time = #{startTime}</if>,
			<if test="endTime != null and endTime != ''"> end_time = #{endTime}</if>,
			<if test="gradeId != null">grade_id = #{gradeId}</if>,
			<if test="collegeId != null">college_id = #{collegeId}</if>,
			<if test="remark != null and remark != ''"> remark = #{remark}</if>
		where id = #{id}
	</update>

	<sql id="PrimaryFindCriteria">
		<where>
			<if test="id != null">and id = #{id}</if>
			<if test="name != null and name != ''">and name like concat('%',#{name},'%')</if>
			<if test="startTime != null and startTime != ''">and start_time = #{startTime}</if>
			<if test="endTime != null and endTime != ''">and end_time = #{endTime}</if>
			<if test="gradeId != null">and grade_id = #{gradeId}</if>
			<if test="collegeId != null">and college_id = #{collegeId}</if>
			<if test="remark != null and remark != ''">and remark = #{remark}</if>
		</where>
	</sql>

	<select id="queryByClassId" resultMap="Primary">
		select * from dt_primary,dt_primaryclass where dt_primary.id = dt_primaryclass.primary_id
		and class_id = #{classId} order by start_time desc limit 1
	</select>

	<select id="classes" resultType="Integer" parameterType="Integer">
		select dt_class.id from dt_primary,dt_class where dt_primary.id = #{id} and dt_primary.grade_id = dt_class.grade_id and dt_primary.college_id = dt_class.college_id
	</select>
</mapper>