<?xml version="1.0" encoding="UTF-8" ?>
<!DOCTYPE mapper PUBLIC "-//mybatis.org//DTD Mapper 3.0//EN" "http://mybatis.org/dtd/mybatis-3-mapper.dtd">
<mapper namespace="com.bitzh.whb.dormitory.mapper.PrimaryClassMapper">

	<resultMap type="com.bitzh.whb.dormitory.entity.PrimaryClass" id="PrimaryClass">
		<id column="id" property="id"/>
		<result column="primary_id"  property="primaryId"/>
		<result column="class_id"  property="classId"/>
	</resultMap>

	<insert id="create" keyProperty="id" useGeneratedKeys="true" parameterType="com.bitzh.whb.dormitory.entity.PrimaryClass">
		insert into dt_primaryclass(
			primary_id,
			class_id
		)values(
			#{primaryId},
			#{classId}
		)
	</insert>

	<select id="query" resultMap="PrimaryClass">
		select * from dt_primaryclass
		<include refid="PrimaryClassFindCriteria"/>
	</select>

	<select id="count" resultType="int">
		select count(1) from dt_primaryclass
		<include refid="PrimaryClassFindCriteria"/>
	</select>

	<select id="detail" resultMap="PrimaryClass">
		select * from dt_primaryclass where id = #{id}
	</select>

	<delete id="delete">
		delete from dt_primaryclass where id = #{id}
	</delete>

	<update id="update">
		update dt_primaryclass set
			primary_id=#{primaryId},
			class_id=#{classId}
		where id = #{id}
	</update>

	<update id="updateSelective">
		update dt_primaryclass set
			<if test="primaryId != null">primary_id = #{primaryId}</if>,
			<if test="classId != null">class_id = #{classId}</if>
		where id = #{id}
	</update>

	<sql id="PrimaryClassFindCriteria">
		<where>
			<if test="id != null">and id = #{id}</if>
			<if test="primaryId != null">and primary_id = #{primaryId}</if>
			<if test="classId != null">and class_id = #{classId}</if>
		</where>
	</sql>

	<delete id="deleteByPrimaryId">
		delete from dt_primaryclass where primary_id = #{primaryId}
	</delete>


</mapper>