<?xml version="1.0" encoding="UTF-8" ?>
<!DOCTYPE mapper PUBLIC "-//mybatis.org//DTD Mapper 3.0//EN" "http://mybatis.org/dtd/mybatis-3-mapper.dtd">
<mapper namespace="com.bitzh.whb.dormitory.mapper.RepairMapper">

	<resultMap type="com.bitzh.whb.dormitory.entity.Repair" id="Repair">
		<id column="id" property="id"/>
		<result column="building_id"  property="buildingId"/>
		<result column="storey_id"  property="storeyId"/>
		<result column="dormitory_id"  property="dormitoryId"/>
		<result column="student_id"  property="studentId"/>
		<result column="description"  property="description"/>
		<result column="create_time"  property="createTime"/>
		<result column="status"  property="status"/>
	</resultMap>

	<insert id="create" keyProperty="id" useGeneratedKeys="true" parameterType="com.bitzh.whb.dormitory.entity.Repair">
		insert into dt_repair(
			building_id,
			storey_id,
			dormitory_id,
			student_id,
			description,
			create_time,
			status
		)values(
			#{buildingId},
			#{storeyId},
			#{dormitoryId},
			#{studentId},
			#{description},
			#{createTime},
			#{status}
		)
	</insert>

	<select id="query" resultMap="Repair">
		select * from dt_repair
		<include refid="RepairFindCriteria"/>
	</select>

	<select id="count" resultType="int">
		select count(1) from dt_repair
		<include refid="RepairFindCriteria"/>
	</select>

	<select id="detail" resultMap="Repair">
		select * from dt_repair where id = #{id}
	</select>

	<delete id="delete">
		delete from dt_repair where id = #{id}
	</delete>
	<update id="update">
		update dt_repair set
			building_id=#{buildingId},
			storey_id=#{storeyId},
			dormitory_id=#{dormitoryId},
			student_id=#{studentId},
			description=#{description},
			create_time=#{createTime},
			status=#{status}
		where id = #{id}
	</update>

	<update id="updateSelective">
		update dt_repair
		<set>
			<if test="buildingId != null">building_id = #{buildingId},</if>
			<if test="storeyId != null">storey_id = #{storeyId},</if>
			<if test="dormitoryId != null">dormitory_id = #{dormitoryId},</if>
			<if test="studentId != null">student_id = #{studentId},</if>
			<if test="description != null and description != ''"> description = #{description},</if>
			<if test="createTime != null"> create_time = #{createTime},</if>
			<if test="status != null">status = #{status},</if>
		</set>
		where id = #{id}
	</update>

	<sql id="RepairFindCriteria">
		<where>
			<if test="id != null">and id = #{id}</if>
			<if test="buildingId != null">and building_id = #{buildingId}</if>
			<if test="storeyId != null">and storey_id = #{storeyId}</if>
			<if test="dormitoryId != null">and dormitory_id = #{dormitoryId}</if>
			<if test="studentId != null">and student_id = #{studentId}</if>
			<if test="description != null and description != ''">and description like concat('%',#{description},'%')</if>
			<if test="createTime != null">and create_time = #{createTime}</if>
			<if test="status != null">and status = #{status}</if>
		</where>  order by coalesce (create_time) desc
	</sql>

</mapper>