<?xml version="1.0" encoding="UTF-8" ?>
<!DOCTYPE mapper PUBLIC "-//mybatis.org//DTD Mapper 3.0//EN" "http://mybatis.org/dtd/mybatis-3-mapper.dtd">
<mapper namespace="com.bitzh.whb.dormitory.mapper.StoreyMapper">

	<resultMap type="com.bitzh.whb.dormitory.entity.Storey" id="Storey">
		<id column="id" property="id"/>
		<result column="name"  property="name"/>
		<result column="building_id"  property="buildingId"/>
	</resultMap>

	<insert id="create" keyProperty="id" useGeneratedKeys="true" parameterType="com.bitzh.whb.dormitory.entity.Storey">
		insert into dt_storey(
			name,
			building_id
		)values(
			#{name},
			#{buildingId}
		)
	</insert>

	<select id="query" resultMap="Storey">
		select * from dt_storey
		<include refid="StoreyFindCriteria"/>
	</select>

	<select id="count" resultType="int">
		select count(1) from dt_storey
		<include refid="StoreyFindCriteria"/>
	</select>

	<select id="detail" resultMap="Storey">
		select * from dt_storey where id = #{id}
	</select>

	<delete id="delete">
		delete from dt_storey where id = #{id}
	</delete>
	<update id="update">
		update dt_storey set
			name=#{name},
			building_id=#{buildingId},
		where id = #{id}
	</update>

	<update id="updateSelective">
		update dt_storey set
			<if test="name != null and name != ''"> name = #{name}</if>,
			<if test="buildingId != null">building_id = #{buildingId}</if>
		where id = #{id}
	</update>

	<sql id="StoreyFindCriteria">
		<where>
			<if test="id != null">and id = #{id}</if>
			<if test="name != null and name != ''">and name = #{name}</if>
			<if test="buildingId != null">and building_id = #{buildingId}</if>
		</where>
	</sql>
</mapper>