<?xml version="1.0" encoding="UTF-8" ?>
<!DOCTYPE mapper PUBLIC "-//mybatis.org//DTD Mapper 3.0//EN" "http://mybatis.org/dtd/mybatis-3-mapper.dtd">
<mapper namespace="com.bitzh.whb.dormitory.mapper.StudentMapper">

	<resultMap type="com.bitzh.whb.dormitory.entity.Student" id="Student">
		<id column="id" property="id"/>
		<result column="stu_no"  property="stuNo"/>
		<result column="password"  property="password"/>
		<result column="name"  property="name"/>
		<result column="grade_id"  property="gradeId"/>
		<result column="college_id"  property="collegeId"/>
		<result column="class_id"  property="classId"/>
		<result column="sex"  property="sex"/>
		<result column="phone"  property="phone"/>
	</resultMap>

	<insert id="create" keyProperty="id" useGeneratedKeys="true" parameterType="com.bitzh.whb.dormitory.entity.Student">
		insert into dt_student(
			stu_no,
			password,
			name,
			grade_id,
			college_id,
			class_id,
			sex,
			phone
		)values(
			#{stuNo},
			'123456',
			#{name},
			#{gradeId},
			#{collegeId},
			#{classId},
			#{sex},
			#{phone}
		)
	</insert>

	<select id="query" resultMap="Student">
		select * from dt_student
		<include refid="StudentFindCriteria"/>
	</select>

	<select id="count" resultType="int">
		select count(1) from dt_student
		<include refid="StudentFindCriteria"/>
	</select>

	<select id="detail" resultMap="Student">
		select * from dt_student where id = #{id}
	</select>

	<delete id="delete">
		delete from dt_student where id = #{id}
	</delete>
	<update id="update">
		update dt_student set
			stu_no=#{stuNo},
			password=#{password},
			name=#{name},
			grade_id=#{gradeId},
			college_id=#{collegeId},
			class_id=#{classId},
			sex=#{sex},
			phone=#{phone},
		where id = #{id}
	</update>

	<update id="updateSelective">
		update dt_student
			<set>
				<if test="stuNo != null and stuNo != ''"> stu_no = #{stuNo},</if>
				<if test="password != null and password != ''"> password = #{password},</if>
				<if test="name != null and name != ''"> name = #{name},</if>
				<if test="gradeId != null">grade_id = #{gradeId},</if>
				<if test="collegeId != null">college_id = #{collegeId},</if>
				<if test="classId != null">class_id = #{classId},</if>
				<if test="sex != null">sex = #{sex},</if>
				<if test="phone != null and phone != ''"> phone = #{phone}</if>
			</set>
			where id = #{id}
	</update>

	<sql id="StudentFindCriteria">
		<where>
			<if test="id != null">and id = #{id}</if>
			<if test="stuNo != null and stuNo != ''">and stu_no like concat('%',#{stuNo},'%')</if>
			<if test="password != null and password != ''">and password = #{password}</if>
			<if test="name != null and name != ''">and name like concat('%',#{name},'%') </if>
			<if test="gradeId != null">and grade_id = #{gradeId}</if>
			<if test="collegeId != null">and college_id = #{collegeId}</if>
			<if test="classId != null">and class_id = #{classId}</if>
			<if test="sex != null">and sex = #{sex}</if>
			<if test="phone != null and phone != ''">and phone = #{phone}</if>
		</where>
	</sql>

	<select id="login" resultMap="Student">
		select * from dt_student where stu_no = #{userno} and password = #{password}
	</select>

</mapper>