<?xml version="1.0" encoding="UTF-8" ?>
<!DOCTYPE mapper PUBLIC "-//mybatis.org//DTD Mapper 3.0//EN" "http://mybatis.org/dtd/mybatis-3-mapper.dtd">
<mapper namespace="com.bitzh.whb.dormitory.mapper.UserMapper">

	<resultMap type="com.bitzh.whb.dormitory.entity.User" id="User">
		<id column="id" property="id"/>
		<result column="user_no"  property="userno"/>
		<result column="password"  property="password"/>
		<result column="name"  property="name"/>
		<result column="phone"  property="phone"/>
		<result column="type"  property="type"/>
		<result column="remark"  property="remark"/>
	</resultMap>

	<insert id="create" keyProperty="id" useGeneratedKeys="true" parameterType="com.bitzh.whb.dormitory.entity.User">
		insert into dt_user(
			user_no,
			password,
			name,
			phone,
			type,
			remark
		)values(
			#{userno},
			'123456',
			#{name},
			#{phone},
			#{type},
			#{remark}
		)
	</insert>

	<select id="query" resultMap="User">
		select * from dt_user
		<include refid="UserFindCriteria"/>
	</select>

	<select id="count" resultType="int">
		select count(1) from dt_user
		<include refid="UserFindCriteria"/>
	</select>

	<select id="detail" resultMap="User">
		select * from dt_user where id = #{id}
	</select>

	<delete id="delete">
		delete from dt_user where id = #{id}
	</delete>
	<update id="update">
		update dt_user set
			user_no=#{userno},
			password=#{password},
			name=#{name},
			phone=#{phone},
			type=#{type},
			remark=#{remark}
		where id = #{id}
	</update>

	<update id="updateSelective">
		update dt_user
		<set>
			<if test="userno != null and userno != ''"> user_no = #{userno},</if>
			<if test="password != null and password != ''"> password = #{password},</if>
			<if test="name != null and name != ''"> name = #{name},</if>
			<if test="phone != null and phone != ''"> phone = #{phone},</if>
			<if test="type != null">type = #{type},</if>
			<if test="remark != null and remark != ''"> remark = #{remark}</if>
		</set>
		where id = #{id}
	</update>

	<sql id="UserFindCriteria">
		<where>
			<if test="id != null">and id = #{id}</if>
			<if test="userno != null and userno != ''">and user_no like concat('%',#{userno},'%') </if>
			<if test="password != null and password != ''">and password = #{password}</if>
			<if test="name != null and name != ''">and name like concat('%',#{name},'%')</if>
			<if test="phone != null and phone != ''">and phone = #{phone}</if>
			<if test="type != null">and type = #{type}</if>
			<if test="remark != null and remark != ''">and remark = #{remark}</if>
		</where>
	</sql>

	<select id="login" resultMap="User">
		select * from dt_user where user_no = #{userno} and password=#{password}
	</select>

</mapper>