<?xml version="1.0" encoding="UTF-8" ?>
<!DOCTYPE mapper PUBLIC "-//mybatis.org//DTD Mapper 3.0//EN" "http://mybatis.org/dtd/mybatis-3-mapper.dtd">
<mapper namespace="com.bitzh.whb.dormitory.mapper.VisitMapper">

	<resultMap type="com.bitzh.whb.dormitory.entity.Visit" id="Visit">
		<id column="id" property="id"/>
		<result column="visitor"  property="visitor"/>
		<result column="phone"  property="phone"/>
		<result column="sex"  property="sex"/>
		<result column="building_id"  property="buildingId"/>
		<result column="storey_id"  property="storeyId"/>
		<result column="dormitory_id"  property="dormitoryId"/>
		<result column="student_id"  property="studentId"/>
		<result column="visit_time"  property="visitTime"/>
		<result column="leave_time"  property="leaveTime"/>
		<result column="remark"  property="remark"/>
	</resultMap>

	<insert id="create" keyProperty="id" useGeneratedKeys="true" parameterType="com.bitzh.whb.dormitory.entity.Visit">
		insert into dt_visitor(
			visitor,
			phone,
			sex,
			building_id,
			storey_id,
			dormitory_id,
			student_id,
			visit_time,
			leave_time,
			remark
		)values(
			#{visitor},
			#{phone},
			#{sex},
			#{buildingId},
			#{storeyId},
			#{dormitoryId},
			#{studentId},
			#{visitTime},
			#{leaveTime},
			#{remark}
		)
	</insert>

	<select id="query" resultMap="Visit">
		select * from dt_visitor
		<include refid="VisitFindCriteria"/>
	</select>

	<select id="count" resultType="int">
		select count(1) from dt_visitor
		<include refid="VisitFindCriteria"/>
	</select>

	<select id="detail" resultMap="Visit">
		select * from dt_visitor where id = #{id}
	</select>

	<delete id="delete">
		delete from dt_visitor where id = #{id}
	</delete>
	<update id="update">
		update dt_visitor set
			visitor=#{visitor},
			phone=#{phone},
			sex=#{sex},
			building_id=#{buildingId},
			storey_id=#{storeyId},
			dormitory_id=#{dormitoryId},
			student_id=#{studentId},
			visit_time=#{visitTime},
			leave_time=#{leaveTime},
			remark=#{remark}
		where id = #{id}
	</update>

	<update id="updateSelective">
		update dt_visitor
		<set>
			<if test="visitor != null and visitor != ''"> visitor = #{visitor},</if>
			<if test="phone != null and phone != ''"> phone = #{phone},</if>
			<if test="sex != null">sex = #{sex},</if>
			<if test="buildingId != null">building_id = #{buildingId},</if>
			<if test="storeyId != null">storey_id = #{storeyId},</if>
			<if test="dormitoryId != null">dormitory_id = #{dormitoryId},</if>
			<if test="studentId != null">student_id = #{studentId},</if>
			<if test="visitTime != null"> visit_time = #{visitTime},</if>
			<if test="leaveTime != null"> leave_time = #{leaveTime},</if>
			<if test="remark != null and remark != ''"> remark = #{remark}</if>
		</set>
		where id = #{id}
	</update>

	<sql id="VisitFindCriteria">
		<where>
			<if test="id != null">and id = #{id}</if>
			<if test="visitor != null and visitor != ''">and visitor like concat('%',#{visitor},'%')</if>
			<if test="phone != null and phone != ''">and phone = #{phone}</if>
			<if test="sex != null">and sex = #{sex}</if>
			<if test="buildingId != null">and building_id = #{buildingId}</if>
			<if test="storeyId != null">and storey_id = #{storeyId}</if>
			<if test="dormitoryId != null">and dormitory_id = #{dormitoryId}</if>
			<if test="studentId != null">and student_id = #{studentId}</if>
			<if test="visitTime != null">and visit_time = #{visitTime}</if>
			<if test="leaveTime != null">and leave_time = #{leaveTime}</if>
			<if test="remark != null and remark != ''">and remark = #{remark}</if>
		</where> order by coalesce (visit_time) desc
	</sql>

</mapper>