<?xml version="1.0" encoding="UTF-8" ?>
<!DOCTYPE mapper PUBLIC "-//mybatis.org//DTD Mapper 3.0//EN" "http://mybatis.org/dtd/mybatis-3-mapper.dtd">
<mapper namespace="com.bitzh.whb.dormitory.mapper.WaterElectricityMapper">

	<resultMap type="com.bitzh.whb.dormitory.entity.WaterElectricity" id="WaterElectricity">
		<id column="id" property="id"/>
		<result column="building_id"  property="buildingId"/>
		<result column="storey_id"  property="storeyId"/>
		<result column="dormitory_id"  property="dormitoryId"/>
		<result column="name"  property="name"/>
		<result column="water_rate"  property="waterRate"/>
		<result column="electric_charge"  property="electricCharge"/>
		<result column="create_time"  property="createTime"/>
	</resultMap>

	<insert id="create" keyProperty="id" useGeneratedKeys="true" parameterType="com.bitzh.whb.dormitory.entity.WaterElectricity">
		insert into dt_waterelectricity(
			building_id,
			storey_id,
			dormitory_id,
			name,
		    water_rate,
			electric_charge,
			create_time
		)values(
			#{buildingId},
			#{storeyId},
			#{dormitoryId},
			#{name},
			#{waterRate},
			#{electricCharge},
            #{createTime}
		)
	</insert>

	<select id="query" resultMap="WaterElectricity">
		select * from dt_waterelectricity
		<include refid="WaterElectricityFindCriteria"/>
	</select>

	<select id="count" resultType="int">
		select count(1) from dt_waterelectricity
		<include refid="WaterElectricityFindCriteria"/>
	</select>

	<select id="detail" resultMap="WaterElectricity">
		select * from dt_waterelectricity where id = #{id}
	</select>

	<delete id="delete">
		delete from dt_waterelectricity where id = #{id}
	</delete>
	<update id="update">
		update dt_waterelectricity set
			building_id=#{buildingId},
			storey_id=#{storeyId},
			dormitory_id=#{dormitoryId},
			name=#{name},
			water_rate=#{waterRate},
			electric_charge=#{electricCharge},
			create_time=#{createTime}
		where id = #{id}
	</update>

	<update id="updateSelective">
		update dt_waterelectricity
		<set>
			<if test="buildingId != null">building_id = #{buildingId},</if>
			<if test="storeyId != null">storey_id = #{storeyId},</if>
			<if test="dormitoryId != null">dormitory_id = #{dormitoryId},</if>
			<if test="name != null and name != ''"> name = #{name},</if>
			<if test="waterRate != null and waterRate != ''"> water_rate = #{waterRate},</if>
			<if test="electricCharge != null and electricCharge != ''"> electric_charge = #{electricCharge},</if>
			<if test="createTime != null"> create_time = #{createTime}</if>
		</set>
		where id = #{id}
	</update>

	<sql id="WaterElectricityFindCriteria">
		<where>
			<if test="id != null">and id = #{id}</if>
			<if test="buildingId != null">and building_id = #{buildingId}</if>
			<if test="storeyId != null">and storey_id = #{storeyId}</if>
			<if test="dormitoryId != null">and dormitory_id = #{dormitoryId}</if>
			<if test="name != null and name != ''">and name like concat('%',#{name},'%')</if>
			<if test="waterRate != null and waterRate != ''">and water_rate = #{waterRate}</if>
			<if test="electricCharge != null and electricCharge != ''">and electric_charge = #{electricCharge}</if>
			<if test="createTime != null">and create_time = #{createTime}</if>
		</where> order by coalesce (create_time) desc
	</sql>

</mapper>